PlotID,Size,Location
1,2XL,-34.9284989
2,L,3.1523104
3,XS,-8.7433
4,XL,53.9094
5,3XL,38.7150205
6,S,6.6814285
7,3XL,46.6974533
8,XS,2.4183904
9,XL,11.4222249
10,2XL,51.1907529
